{"cameraMode":{"drawMode":0,"name":"Shaded","section":"Shading Mode"},"sceneLighting":true,"audioPlay":false,"sceneViewState":{"m_AlwaysRefresh":true,"showFog":true,"showSkybox":true,"showFlares":true,"showImageEffects":false,"showParticleSystems":true,"showVisualEffectGraphs":true,"m_FxEnabled":false},"in2DMode":false,"pivot":{"x":-6.360118865966797,"y":-0.14870500564575196,"z":1.2820680141448975},"rotation":{"x":-0.23831869661808015,"y":-0.3057970404624939,"z":0.07913269102573395,"w":-0.9184691905975342},"size":2.0660252571105959,"orthographic":false}