{"cameraMode":{"drawMode":0,"name":"Shaded","section":"Shading Mode"},"sceneLighting":false,"audioPlay":false,"sceneViewState":{"m_AlwaysRefresh":true,"showFog":true,"showSkybox":true,"showFlares":true,"showImageEffects":false,"showParticleSystems":true,"showVisualEffectGraphs":true,"m_FxEnabled":true},"in2DMode":false,"pivot":{"x":-0.5471634864807129,"y":-7.9913835525512699,"z":-16.043243408203126},"rotation":{"x":-0.005923731718212366,"y":0.9673396944999695,"z":-0.2524803876876831,"w":-0.022622227668762208},"size":10.985963821411133,"orthographic":false}