{"cameraMode":{"drawMode":0,"name":"Shaded","section":"Shading Mode"},"sceneLighting":false,"audioPlay":false,"sceneViewState":{"m_AlwaysRefresh":true,"showFog":true,"showSkybox":true,"showFlares":true,"showImageEffects":false,"showParticleSystems":true,"showVisualEffectGraphs":true,"m_FxEnabled":true},"in2DMode":false,"pivot":{"x":2.0814363956451418,"y":-6.852791786193848,"z":-15.826603889465332},"rotation":{"x":-0.0030287501867860557,"y":0.9722644090652466,"z":-0.23361508548259736,"w":-0.01252555102109909},"size":10.985963821411133,"orthographic":false}