{"cameraMode":{"drawMode":0,"name":"Shaded","section":"Shading Mode"},"sceneLighting":true,"audioPlay":false,"sceneViewState":{"m_AlwaysRefresh":true,"showFog":true,"showSkybox":true,"showFlares":true,"showImageEffects":true,"showParticleSystems":true,"showVisualEffectGraphs":true,"m_FxEnabled":true},"in2DMode":false,"pivot":{"x":-12.111079216003418,"y":-5.071763515472412,"z":1.0988452434539796},"rotation":{"x":0.16501495242118836,"y":-0.6711742877960205,"z":0.15703867375850678,"w":0.7054558992385864},"size":7.100647449493408,"orthographic":false}