{"cameraMode":{"drawMode":0,"name":"Shaded","section":"Shading Mode"},"sceneLighting":false,"audioPlay":false,"sceneViewState":{"m_AlwaysRefresh":true,"showFog":true,"showSkybox":true,"showFlares":true,"showImageEffects":false,"showParticleSystems":true,"showVisualEffectGraphs":true,"m_FxEnabled":false},"in2DMode":false,"pivot":{"x":-58.25115203857422,"y":-75.89703369140625,"z":719.1572875976563},"rotation":{"x":0.05423559248447418,"y":-0.04064151644706726,"z":0.002366997068747878,"w":0.9977710247039795},"size":361.19061279296877,"orthographic":false}