{
    "personalTheme": {
        "colorRowEven": {
            "r": 0.760784387588501,
            "g": 0.760784387588501,
            "b": 0.760784387588501,
            "a": 1.0
        },
        "colorRowOdd": {
            "r": 0.7830188870429993,
            "g": 0.7830188870429993,
            "b": 0.7830188870429993,
            "a": 1.0
        },
        "colorGrid": {
            "r": 0.0,
            "g": 0.0,
            "b": 0.0,
            "a": 0.16078431904315949
        },
        "colorTreeView": {
            "r": 0.47843137383461,
            "g": 0.47843137383461,
            "b": 0.47843137383461,
            "a": 1.0
        },
        "colorLockIcon": {
            "r": 0.3176470696926117,
            "g": 0.3176470696926117,
            "b": 0.3176470696926117,
            "a": 1.0
        },
        "tagColor": {
            "r": 0.0,
            "g": 0.0,
            "b": 0.0,
            "a": 1.0
        },
        "layerColor": {
            "r": 0.0,
            "g": 0.0,
            "b": 0.0,
            "a": 1.0
        },
        "comSelBGColor": {
            "r": 0.9198113083839417,
            "g": 0.9645066857337952,
            "b": 1.0,
            "a": 1.0
        },
        "selectionColor": {
            "r": 0.0,
            "g": 0.5490196347236633,
            "b": 1.0,
            "a": 0.501960813999176
        },
        "colorHeaderTitle": {
            "r": 0.0784313753247261,
            "g": 0.0784313753247261,
            "b": 0.0784313753247261,
            "a": 1.0
        },
        "colorHeaderBackground": {
            "r": 0.9098039269447327,
            "g": 0.9098039269447327,
            "b": 0.9098039269447327,
            "a": 1.0
        }
    },
    "professionalTheme": {
        "colorRowEven": {
            "r": 0.0,
            "g": 0.0,
            "b": 0.0,
            "a": 1.0
        },
        "colorRowOdd": {
            "r": 0.0,
            "g": 0.0,
            "b": 0.0,
            "a": 1.0
        },
        "colorGrid": {
            "r": 0.0,
            "g": 1.0,
            "b": 0.8916161060333252,
            "a": 1.0
        },
        "colorTreeView": {
            "r": 0.0,
            "g": 1.0,
            "b": 0.4359560012817383,
            "a": 1.0
        },
        "colorLockIcon": {
            "r": 0.772549033164978,
            "g": 0.7490196228027344,
            "b": 0.7490196228027344,
            "a": 1.0
        },
        "tagColor": {
            "r": 1.0,
            "g": 1.0,
            "b": 1.0,
            "a": 1.0
        },
        "layerColor": {
            "r": 1.0,
            "g": 1.0,
            "b": 1.0,
            "a": 1.0
        },
        "comSelBGColor": {
            "r": 0.1607843041419983,
            "g": 1.0,
            "b": 0.3619091510772705,
            "a": 0.5529412031173706
        },
        "selectionColor": {
            "r": 0.1725490242242813,
            "g": 0.364705890417099,
            "b": 0.529411792755127,
            "a": 1.0
        },
        "colorHeaderTitle": {
            "r": 0.8235294222831726,
            "g": 0.8235294222831726,
            "b": 0.8235294222831726,
            "a": 1.0
        },
        "colorHeaderBackground": {
            "r": 0.6037735939025879,
            "g": 0.6037735939025879,
            "b": 0.6037735939025879,
            "a": 1.0
        }
    },
    "playmodeTheme": {
        "colorRowEven": {
            "r": 0.21568627655506135,
            "g": 0.21568627655506135,
            "b": 0.21568627655506135,
            "a": 1.0
        },
        "colorRowOdd": {
            "r": 0.21960784494876862,
            "g": 0.21960784494876862,
            "b": 0.21960784494876862,
            "a": 1.0
        },
        "colorGrid": {
            "r": 0.16078431904315949,
            "g": 0.16078431904315949,
            "b": 0.16078431904315949,
            "a": 1.0
        },
        "colorTreeView": {
            "r": 0.4716981053352356,
            "g": 0.4716981053352356,
            "b": 0.4716981053352356,
            "a": 1.0
        },
        "colorLockIcon": {
            "r": 0.7735849022865295,
            "g": 0.7480419874191284,
            "b": 0.7480419874191284,
            "a": 1.0
        },
        "tagColor": {
            "r": 1.0,
            "g": 1.0,
            "b": 1.0,
            "a": 1.0
        },
        "layerColor": {
            "r": 0.7058823704719544,
            "g": 0.7058823704719544,
            "b": 0.7058823704719544,
            "a": 1.0
        },
        "comSelBGColor": {
            "r": 0.1607843041419983,
            "g": 1.0,
            "b": 0.3619091510772705,
            "a": 0.5529412031173706
        },
        "selectionColor": {
            "r": 0.1725490242242813,
            "g": 0.364705890417099,
            "b": 0.529411792755127,
            "a": 1.0
        },
        "colorHeaderTitle": {
            "r": 0.8235294222831726,
            "g": 0.8235294222831726,
            "b": 0.8235294222831726,
            "a": 1.0
        },
        "colorHeaderBackground": {
            "r": 0.501960813999176,
            "g": 0.501960813999176,
            "b": 0.501960813999176,
            "a": 1.0
        }
    },
    "activeHierarchy": true,
    "displayCustomObjectIcon": true,
    "displayTreeView": true,
    "displayRowBackground": true,
    "displayGrid": false,
    "displayStaticButton": true,
    "offSetIconAfterName": 8,
    "displayComponents": true,
    "componentAlignment": 1,
    "componentDisplayMode": 1,
    "components": [
        "Transform",
        "RectTransform"
    ],
    "componentLimited": 0,
    "componentSize": 12,
    "componentSpacing": 2,
    "displayTag": true,
    "tagAlignment": 1,
    "displayLayer": true,
    "layerAlignment": 0,
    "applyStaticTargetAndChild": true,
    "applyTagTargetAndChild": false,
    "applyLayerTargetAndChild": true,
    "separatorStartWith": "--->",
    "separatorDefaultTag": "Untagged",
    "useInstantBackground": false,
    "instantBackgroundColors": [
        {
            "active": false,
            "useStartWith": false,
            "useTag": false,
            "useLayer": false,
            "startWith": "",
            "tag": "",
            "layer": {
                "serializedVersion": "2",
                "m_Bits": 0
            },
            "color": {
                "r": 0.0,
                "g": 0.0,
                "b": 0.0,
                "a": 0.0
            }
        }
    ],
    "onlyDisplayWhileMouseEnter": false,
    "contentDisplay": -1
}